{
  "properties": {
    "connectionReferences": {
      "shared_commondataserviceforapps": {
        "runtimeSource": "embedded",
        "connection": {
          "connectionReferenceLogicalName": "amcl_DataverseAMcL"
        },
        "api": {
          "name": "shared_commondataserviceforapps"
        }
      }
    },
    "definition": {
      "$schema": "https://schema.management.azure.com/providers/Microsoft.Logic/schemas/2016-06-01/workflowdefinition.json#",
      "contentVersion": "1.0.0.0",
      "parameters": {
        "$connections": {
          "defaultValue": {},
          "type": "Object"
        },
        "$authentication": {
          "defaultValue": {},
          "type": "SecureObject"
        }
      },
      "triggers": {
        "manual": {
          "metadata": {
            "operationMetadataId": "09587e84-280c-4d37-b0bd-37e05cdd176f"
          },
          "type": "Request",
          "kind": "Button",
          "inputs": {
            "schema": {
              "type": "object",
              "properties": {
                "number": {
                  "title": "MaxNumFlows",
                  "type": "number",
                  "x-ms-dynamically-added": true,
                  "description": "The maximum number of flows to be included in the output",
                  "x-ms-content-hint": "NUMBER"
                },
                "text": {
                  "title": "UserEmailMatch",
                  "type": "string",
                  "x-ms-dynamically-added": true,
                  "description": "A string to match the users' email address who created the flows - use your domain.com for all flows in the environment create by your organisation's users",
                  "x-ms-content-hint": "TEXT"
                }
              },
              "required": [
                "number",
                "text"
              ]
            }
          }
        }
      },
      "actions": {
        "List_Flows": {
          "runAfter": {
            "Initialize_variable_Connection_String": [
              "Succeeded"
            ]
          },
          "metadata": {
            "operationMetadataId": "c40cd434-a752-4889-95af-36bc6e355c01"
          },
          "type": "OpenApiConnection",
          "inputs": {
            "host": {
              "connectionName": "shared_commondataserviceforapps",
              "operationId": "ListRecords",
              "apiId": "/providers/Microsoft.PowerApps/apis/shared_commondataserviceforapps"
            },
            "parameters": {
              "entityName": "workflows",
              "$orderby": "name",
              "fetchXml": "<fetch top='@{triggerBody()['number']}'>\n  <entity name='workflow'>\n    <attribute name='name' />\n    <attribute name='workflowid' />\n    <attribute name='clientdata' />\n    <attribute name='workflowidunique' />\n    <attribute name='description' />\n    <attribute name='runas' />\n    <attribute name=\"ownerid\" />\n    <attribute name='statuscode' />\n    <attribute name='scope' />\n    <attribute name='createdby' />\n    <attribute name='createdon' />\n    <attribute name='modifiedby' />\n    <attribute name='modifiedon' />\n    <filter>\n      <condition attribute='category' operator='eq' value='5' />\n    </filter>\n    <link-entity name='systemuser' from='systemuserid' to='createdby'>\n      <filter>\n        <condition attribute='internalemailaddress' operator='like' value='%@{triggerBody()['text']}%' />\n      </filter>\n    </link-entity>\n  </entity>\n</fetch>"
            },
            "authentication": {
              "type": "Raw",
              "value": "@json(decodeBase64(triggerOutputs().headers['X-MS-APIM-Tokens']))['$ConnectionKey']"
            }
          },
          "description": "Use FetchXML to get the flows created by a User with the email match (up to the maximum number) "
        },
        "Apply_to_each_Flow": {
          "foreach": "@outputs('List_Flows')?['body/value']",
          "actions": {
            "Scope_Flow_Values": {
              "actions": {
                "Parse_JSON_Client_Data": {
                  "runAfter": {},
                  "metadata": {
                    "operationMetadataId": "f7832d16-c83e-44ee-81ca-d38d276c0dc6"
                  },
                  "type": "ParseJson",
                  "inputs": {
                    "content": "@items('Apply_to_each_Flow')?['clientdata']",
                    "schema": {
                      "type": "object",
                      "properties": {
                        "properties": {
                          "type": "object",
                          "properties": {
                            "connectionReferences": {
                              "type": "object",
                              "properties": {}
                            }
                          }
                        }
                      },
                      "definition": {
                        "type": "object",
                        "properties": {
                          "$schema": {
                            "type": "string"
                          },
                          "contentVersion": {
                            "type": "string"
                          },
                          "parameters": {
                            "type": "object",
                            "properties": {
                              "$connections": {
                                "type": "object",
                                "properties": {
                                  "defaultValue": {
                                    "type": "object",
                                    "properties": {}
                                  },
                                  "type": {
                                    "type": "string"
                                  }
                                }
                              },
                              "$authentication": {
                                "type": "object",
                                "properties": {
                                  "defaultValue": {
                                    "type": "object",
                                    "properties": {}
                                  },
                                  "type": {
                                    "type": "string"
                                  }
                                }
                              }
                            }
                          },
                          "triggers": {
                            "type": "object",
                            "properties": {
                              "defaultValue": {
                                "type": "object",
                                "properties": {}
                              },
                              "type": {
                                "type": "string"
                              }
                            }
                          },
                          "actions": {
                            "type": "object",
                            "properties": {
                              "defaultValue": {
                                "type": "object",
                                "properties": {}
                              },
                              "type": {
                                "type": "string"
                              }
                            }
                          }
                        }
                      },
                      "templateName": {
                        "type": "string"
                      }
                    }
                  },
                  "description": "Convert the top level of the flow client data to a JSON object"
                },
                "Compose_Trigger_JSON": {
                  "runAfter": {
                    "If_Connection_String_contains_Logical_Name": [
                      "Succeeded"
                    ]
                  },
                  "metadata": {
                    "operationMetadataId": "3e4c89d6-3b43-4702-a109-2d179b424a04"
                  },
                  "type": "Compose",
                  "inputs": "@body('Parse_JSON_Client_Data')?['properties']?['definition']?['triggers']",
                  "description": "Extract the Trigger part of the JSON (as an object)"
                },
                "Compose_Trigger_String": {
                  "runAfter": {
                    "Compose_Trigger_JSON": [
                      "Succeeded"
                    ]
                  },
                  "metadata": {
                    "operationMetadataId": "63bccec1-66ca-4147-82a9-e1bf03ee6126"
                  },
                  "type": "Compose",
                  "inputs": "@string(outputs('Compose_Trigger_JSON'))",
                  "description": "Convert the trigger to a string"
                },
                "Compose_Trigger_First_Word": {
                  "runAfter": {
                    "Compose_Trigger_String": [
                      "Succeeded"
                    ]
                  },
                  "metadata": {
                    "operationMetadataId": "50fc0eca-f5f7-40fa-87a6-5c8525ab2936"
                  },
                  "type": "Compose",
                  "inputs": "@substring(outputs('Compose_Trigger_String'),\r\n    add(indexOf(outputs('Compose_Trigger_String'),'\"'),1),\r\n    sub(nthIndexOf(outputs('Compose_Trigger_String'),'\"',2),\r\n        add(indexOf(outputs('Compose_Trigger_String'),'\"'),1))\r\n)",
                  "description": "Extract the first word from the trigger body - the name of the trigger step"
                },
                "Compose_Trigger_After_First": {
                  "runAfter": {
                    "Compose_Trigger_First_Word": [
                      "Succeeded"
                    ]
                  },
                  "metadata": {
                    "operationMetadataId": "708e4395-e03b-4b70-9d59-98c8044c101a"
                  },
                  "type": "Compose",
                  "inputs": "@substring(outputs('Compose_Trigger_String'),\r\n    add(nthIndexOf(outputs('Compose_Trigger_String'),'\"',2),2),\r\n    sub(length(outputs('Compose_Trigger_String')),\r\n        add(nthIndexOf(outputs('Compose_Trigger_String'),'\"',2),3))\r\n)",
                  "description": "Remove the starting and ending parts of the rest of the trigger to get valid JSON for the rest of the trigger"
                },
                "Switch_Trigger_Type": {
                  "runAfter": {
                    "If_Connection": [
                      "Succeeded"
                    ]
                  },
                  "cases": {
                    "Manual_-_Button": {
                      "case": "Request",
                      "actions": {
                        "Switch_Trigger_Kind": {
                          "runAfter": {},
                          "cases": {
                            "Button": {
                              "case": "Button",
                              "actions": {
                                "Append_Button_to_Markdown_": {
                                  "runAfter": {},
                                  "metadata": {
                                    "operationMetadataId": "7e491606-b1de-4511-b9d3-dd5707699782"
                                  },
                                  "type": "AppendToStringVariable",
                                  "inputs": {
                                    "name": "vMarkdownStr",
                                    "value": "|Type|@{if(contains(items('Apply_to_each_Flow')?['clientdata'], '\"type\":\"Response\",\"kind\":\"PowerApp\",'), 'Instant/Button - Child Flow (has Response step)', 'Instant/Button - Manual/Other')}|\n\n"
                                  },
                                  "description": "if function is used to insert different test depending whether there is a response step"
                                }
                              }
                            },
                            "Http": {
                              "case": "Http",
                              "actions": {
                                "Append_Http_to_Markdown": {
                                  "runAfter": {},
                                  "metadata": {
                                    "operationMetadataId": "e1cf9ba6-3ab8-42ab-8c7e-3ca21c252ef7"
                                  },
                                  "type": "AppendToStringVariable",
                                  "inputs": {
                                    "name": "vMarkdownStr",
                                    "value": "|Type|@{if(contains(items('Apply_to_each_Flow')?['clientdata'], '\"type\":\"Response\",\"kind\":\"Http\",'), 'Instant/Http - Child Flow (has Response step)', 'Instant - Manual/Http')}|\n\n"
                                  },
                                  "description": "if function is used to insert different test depending whether there is a response step"
                                }
                              }
                            }
                          },
                          "default": {
                            "actions": {
                              "Append_Default_to_Markdown": {
                                "runAfter": {},
                                "metadata": {
                                  "operationMetadataId": "13accca1-7036-4780-81cc-0789e56eab09"
                                },
                                "type": "AppendToStringVariable",
                                "inputs": {
                                  "name": "vMarkdownStr",
                                  "value": "|Type|Instant - Manual/Other@{if(empty(body('Parse_JSON_Trigger_Contents')?['kind']),'',concat('/',body('Parse_JSON_Trigger_Contents')?['kind']))}|\n\n"
                                },
                                "description": "Default assumes this is a manual flow, but adds the kind if present"
                              }
                            }
                          },
                          "expression": "@body('Parse_JSON_Trigger_Contents')?['kind']",
                          "metadata": {
                            "operationMetadataId": "c6c8394a-310b-480e-9be2-fe1c81a01958"
                          },
                          "type": "Switch"
                        }
                      }
                    },
                    "Scheduled_-_Recurrence": {
                      "case": "Recurrence",
                      "actions": {
                        "Parse_JSON_Recurrence": {
                          "runAfter": {},
                          "metadata": {
                            "operationMetadataId": "ef40c6d5-1bb7-4c96-bd2f-28429fde4d83"
                          },
                          "type": "ParseJson",
                          "inputs": {
                            "content": "@outputs('Compose_Trigger_After_First')",
                            "schema": {
                              "type": "object",
                              "properties": {
                                "recurrence": {
                                  "type": "object",
                                  "properties": {
                                    "frequency": {
                                      "type": "string"
                                    },
                                    "interval": {
                                      "type": "integer"
                                    },
                                    "startTime": {
                                      "type": "string"
                                    }
                                  }
                                },
                                "metadata": {
                                  "type": "object",
                                  "properties": {
                                    "operationMetadataId": {
                                      "type": "string"
                                    }
                                  }
                                },
                                "type": {
                                  "type": "string"
                                }
                              }
                            }
                          }
                        },
                        "Append_Recurrence_to_Markdown_": {
                          "runAfter": {
                            "Parse_JSON_Recurrence": [
                              "Succeeded"
                            ]
                          },
                          "metadata": {
                            "operationMetadataId": "48e624e9-9051-4b24-a701-e0309f07e473"
                          },
                          "type": "AppendToStringVariable",
                          "inputs": {
                            "name": "vMarkdownStr",
                            "value": "|Type|Scheduled (@{body('Parse_JSON_Trigger_Contents')?['type']})|\n|Frequency|@{body('Parse_JSON_Recurrence')?['recurrence']?['frequency']}|\n|Interval|@{body('Parse_JSON_Recurrence')?['recurrence']?['interval']}|\n|Start Time|@{body('Parse_JSON_Recurrence')?['recurrence']?['startTime']}|\n\n"
                          }
                        }
                      }
                    }
                  },
                  "default": {
                    "actions": {
                      "If_Dataverse": {
                        "actions": {
                          "Parse_JSON_Remaining_Trigger": {
                            "runAfter": {},
                            "metadata": {
                              "operationMetadataId": "a8b1b4bf-6846-4247-b944-2e37b6500c0b"
                            },
                            "type": "ParseJson",
                            "inputs": {
                              "content": "@outputs('Compose_Trigger_After_First')",
                              "schema": {
                                "type": "object",
                                "properties": {
                                  "metadata": {
                                    "type": "object",
                                    "properties": {
                                      "operationMetadataId": {
                                        "type": "string"
                                      }
                                    }
                                  },
                                  "type": {
                                    "type": "string"
                                  },
                                  "inputs": {
                                    "type": "object",
                                    "properties": {
                                      "host": {
                                        "type": "object",
                                        "properties": {
                                          "connectionName": {
                                            "type": "string"
                                          },
                                          "operationId": {
                                            "type": "string"
                                          },
                                          "apiId": {
                                            "type": "string"
                                          }
                                        }
                                      },
                                      "parameters": {
                                        "type": "object",
                                        "properties": {
                                          "subscriptionRequest/message": {
                                            "type": "integer"
                                          },
                                          "subscriptionRequest/entityname": {
                                            "type": "string"
                                          },
                                          "subscriptionRequest/scope": {
                                            "type": "integer"
                                          },
                                          "subscriptionRequest/filteringattributes": {
                                            "type": "string"
                                          },
                                          "subscriptionRequest/filterexpression": {
                                            "type": "string"
                                          }
                                        }
                                      },
                                      "authentication": {
                                        "type": "string"
                                      }
                                    }
                                  }
                                }
                              }
                            },
                            "description": "Parse the trigger (without the trigger step name) using the schema for a Dataverse trigger"
                          },
                          "Append_Dataverse_Trigger_to_Markdown": {
                            "runAfter": {
                              "Parse_JSON_Remaining_Trigger": [
                                "Succeeded"
                              ]
                            },
                            "metadata": {
                              "operationMetadataId": "e62feb26-8c92-4ca1-be81-90c9f7d76d2f"
                            },
                            "type": "AppendToStringVariable",
                            "inputs": {
                              "name": "vMarkdownStr",
                              "value": "|Type|Automated (@{body('Parse_JSON_Trigger_Contents')?['type']})|\n|Filter Name|@{replace(outputs('Compose_Trigger_First_Word'),\r\n    '_',\r\n    ' '\r\n)}|\n|Table Name|@{body('Parse_JSON_Remaining_Trigger')?['inputs']?['parameters']?['subscriptionRequest/entityname']}|\n|Filtering Columns|@{coalesce(body('Parse_JSON_Remaining_Trigger')?['inputs']?['parameters']?['subscriptionRequest/filteringattributes'], if(contains(createArray(3, 4, 6, 7), body('Parse_JSON_Remaining_Trigger')?['inputs']?['parameters']?['subscriptionRequest/message']), '[No filtering columns] - *filtering columns are recommended for a flow that triggers on a modified record*', '[None - no filtering columns needed]'))}|\n|Filter Expression|@{coalesce(body('Parse_JSON_Remaining_Trigger')?['inputs']?['parameters']?['subscriptionRequest/filterexpression'], if(contains(createArray(3, 4, 6, 7), body('Parse_JSON_Remaining_Trigger')?['inputs']?['parameters']?['subscriptionRequest/message']), '[No filter expression] - *a filter expression is recommended for a flow that triggers on a modified record*', '[None - no filter expression needed]'))}|\n|Change Type|@{if(equals(body('Parse_JSON_Remaining_Trigger')?['inputs']?['parameters']?['subscriptionRequest/message'], 1), 'Added', if(equals(body('Parse_JSON_Remaining_Trigger')?['inputs']?['parameters']?['subscriptionRequest/message'], 2), 'Deleted', if(equals(body('Parse_JSON_Remaining_Trigger')?['inputs']?['parameters']?['subscriptionRequest/message'], 3), 'Modified', if(equals(body('Parse_JSON_Remaining_Trigger')?['inputs']?['parameters']?['subscriptionRequest/message'], 4), 'Added or Modified', if(equals(body('Parse_JSON_Remaining_Trigger')?['inputs']?['parameters']?['subscriptionRequest/message'], 5), 'Addedor Deleted', if(equals(body('Parse_JSON_Remaining_Trigger')?['inputs']?['parameters']?['subscriptionRequest/message'], 6), 'Modified or Deleted', if(equals(body('Parse_JSON_Remaining_Trigger')?['inputs']?['parameters']?['subscriptionRequest/message'], 7), 'Added or Modified or Deleted', 'Not found')))))))}|\n\n"
                            },
                            "description": "Coalesce and if used for conditional contents"
                          }
                        },
                        "runAfter": {},
                        "else": {
                          "actions": {
                            "Append_Other_to_Markdown": {
                              "runAfter": {},
                              "metadata": {
                                "operationMetadataId": "52b9ddc9-4f98-4203-8b00-54e27dcf0fed"
                              },
                              "type": "AppendToStringVariable",
                              "inputs": {
                                "name": "vMarkdownStr",
                                "value": "|Type|Other @{outputs('Compose_Trigger_First_Word')}; @{body('Parse_JSON_Trigger_Contents')?['type']}-@{body('Parse_JSON_Trigger_Contents')?['kind']}|\n\n"
                              }
                            }
                          }
                        },
                        "expression": {
                          "equals": [
                            "@body('Parse_JSON_Client_Data')?['properties']?['connectionReferences']?['shared_commondataserviceforapps']?['api']?['name']",
                            "shared_commondataserviceforapps"
                          ]
                        },
                        "metadata": {
                          "operationMetadataId": "e0abdf4b-8abd-4ed4-ae47-ea6e47ca215d"
                        },
                        "type": "If",
                        "description": "Checks whether the connection reference is for Dataverse"
                      }
                    }
                  },
                  "expression": "@body('Parse_JSON_Trigger_Contents')?['type']",
                  "metadata": {
                    "operationMetadataId": "ada8ac14-ced5-4605-819b-2db2f52a1c2c"
                  },
                  "type": "Switch",
                  "description": "The trigger type distinguishes manual, scheduled and automated flows "
                },
                "Append_Name_and_Connection_to_Markdown": {
                  "runAfter": {
                    "Parse_JSON_Trigger_Contents": [
                      "Succeeded"
                    ]
                  },
                  "metadata": {
                    "operationMetadataId": "46c13a8a-e458-4fb3-9213-359aa0a65ca2"
                  },
                  "type": "AppendToStringVariable",
                  "inputs": {
                    "name": "vMarkdownStr",
                    "value": "## @{items('Apply_to_each_Flow')?['name']}\n\n|Setting|Value|\n|--|--|\n|Scope|@{items('Apply_to_each_Flow')?['scope@OData.Community.Display.V1.FormattedValue']}|\n|Run As|@{items('Apply_to_each_Flow')?['runas@OData.Community.Display.V1.FormattedValue']}|\n|Owner|@{items('Apply_to_each_Flow')?['_ownerid_value@OData.Community.Display.V1.FormattedValue']}|\n|Created by|@{items('Apply_to_each_Flow')?['_createdby_value@OData.Community.Display.V1.FormattedValue']}|\n|Created on|@{formatDateTime(items('Apply_to_each_Flow')?['createdon'],'yyyy MMM dd hh:mm')}|\n|Modified by|@{items('Apply_to_each_Flow')?['_modifiedby_value@OData.Community.Display.V1.FormattedValue']}|\n|Modified on|@{formatDateTime(items('Apply_to_each_Flow')?['modifiedon'],'yyyy MMM dd hh:mm')}|\n|Status|@{if(equals(items('Apply_to_each_Flow')?['statuscode'],2),\r\nitems('Apply_to_each_Flow')?['statuscode@OData.Community.Display.V1.FormattedValue'],concat('**',items('Apply_to_each_Flow')?['statuscode@OData.Community.Display.V1.FormattedValue'],'**'))}|\n|Connection(s)|@{join(variables('varConnectionsThisFlow'),', ')}|\n"
                  },
                  "description": "Convert the array to a comma separated string. The further content is appended in the switch below."
                },
                "If_Connection": {
                  "actions": {
                    "Compose_Union_of_Connectors": {
                      "runAfter": {},
                      "metadata": {
                        "operationMetadataId": "a91f33e5-03fe-4066-8029-f036a4ebac0a"
                      },
                      "type": "Compose",
                      "inputs": "@union(variables('varConnectionsThisFlow'),variables('varConnectionsMarkdown'))",
                      "description": "Compose used as the variable step can't include the same variable"
                    },
                    "Set_Connections_to_Union": {
                      "runAfter": {
                        "Compose_Union_of_Connectors": [
                          "Succeeded"
                        ]
                      },
                      "metadata": {
                        "operationMetadataId": "a3e861de-b7fc-489c-8b33-d6d951ed43f1"
                      },
                      "type": "SetVariable",
                      "inputs": {
                        "name": "varConnectionsMarkdown",
                        "value": "@outputs('Compose_Union_of_Connectors')"
                      },
                      "description": "Add any new Connections to the list"
                    }
                  },
                  "runAfter": {
                    "Append_Name_and_Connection_to_Markdown": [
                      "Succeeded"
                    ]
                  },
                  "expression": {
                    "not": {
                      "equals": [
                        "@variables('varConnectionsThisFlow')",
                        "@null"
                      ]
                    }
                  },
                  "metadata": {
                    "operationMetadataId": "711fdd4c-3766-422b-9761-ad78ebcc903d"
                  },
                  "type": "If",
                  "description": "If one or more connections, then add them to the list"
                },
                "Set_Connections_This_Flow_Null": {
                  "runAfter": {
                    "Set_ConnectionStr": [
                      "Succeeded"
                    ]
                  },
                  "metadata": {
                    "operationMetadataId": "c412249f-586c-4130-a5bc-94ab21671f98"
                  },
                  "type": "SetVariable",
                  "inputs": {
                    "name": "varConnectionsThisFlow",
                    "value": []
                  },
                  "description": "Reset to empty array"
                },
                "Compose_Connection_Reference_Str": {
                  "runAfter": {
                    "Parse_JSON_Client_Data": [
                      "Succeeded"
                    ]
                  },
                  "metadata": {
                    "operationMetadataId": "21fd7c9e-885d-4595-a884-ba21a865f33f"
                  },
                  "type": "Compose",
                  "inputs": "@string(body('Parse_JSON_Client_Data')?['properties']?['connectionReferences'])",
                  "description": "Extract the Connection References part of the JSON into a string"
                },
                "Set_ConnectionStr": {
                  "runAfter": {
                    "Compose_Connection_Reference_Str": [
                      "Succeeded"
                    ]
                  },
                  "metadata": {
                    "operationMetadataId": "f8c92635-573c-4f4d-8f84-0f2a67860891"
                  },
                  "type": "SetVariable",
                  "inputs": {
                    "name": "varConnectionStr",
                    "value": "@{body('Parse_JSON_Client_Data')?['properties']?['connectionReferences']}"
                  },
                  "description": "Initialise the Connection String variable to the full Connection References part of the flow JSON"
                },
                "If_Connection_String_contains_Logical_Name": {
                  "actions": {
                    "Do_until_no_more_occurrences_of_connectionReferenceLogicalName": {
                      "actions": {
                        "Set_variable_to_rest_of_connection_string": {
                          "runAfter": {
                            "Compose_Rest_of_Content": [
                              "Succeeded"
                            ]
                          },
                          "metadata": {
                            "operationMetadataId": "bec06ed4-b4a7-4752-9e72-f80435e047cf"
                          },
                          "type": "SetVariable",
                          "inputs": {
                            "name": "varConnectionStr",
                            "value": "@{outputs('Compose_Rest_of_Content')}"
                          }
                        },
                        "Compose_Rest_of_Content": {
                          "runAfter": {
                            "Compose_Beyond_API_Position": [
                              "Succeeded"
                            ]
                          },
                          "metadata": {
                            "operationMetadataId": "96a43e28-0646-4e15-8129-f9d3b8333354"
                          },
                          "type": "Compose",
                          "inputs": "@substring(variables('varConnectionStr'), outputs('Compose_Beyond_API_Position'))",
                          "description": "Add 80 onto the position to go beyond the current connector \"api\" contents"
                        },
                        "If_Connection_not_already_in_list": {
                          "actions": {
                            "Append_New_Connection_to_List": {
                              "runAfter": {},
                              "metadata": {
                                "operationMetadataId": "7e9fbf0a-97bc-4fd7-b6b4-6c45408381d9"
                              },
                              "type": "AppendToArrayVariable",
                              "inputs": {
                                "name": "varConnectionsThisFlow",
                                "value": "@substring(variables('varConnectionStr'),add(33,indexOf(variables('varConnectionStr'),'connectionReferenceLogicalName')),\r\n          sub(indexOf(variables('varConnectionStr'),'\"},\"api\"'),\r\n              add(33,indexOf(variables('varConnectionStr'),'connectionReferenceLogicalName'))))"
                              }
                            }
                          },
                          "runAfter": {},
                          "expression": {
                            "not": {
                              "contains": [
                                "@variables('varConnectionsThisFlow')",
                                "@substring(variables('varConnectionStr'),add(33,indexOf(variables('varConnectionStr'),'connectionReferenceLogicalName')),\r\n          sub(indexOf(variables('varConnectionStr'),'\"},\"api\"'),\r\n              add(33,indexOf(variables('varConnectionStr'),'connectionReferenceLogicalName'))))"
                              ]
                            }
                          },
                          "metadata": {
                            "operationMetadataId": "0c4d1e63-9081-4c88-a206-86e292a32459"
                          },
                          "type": "If",
                          "description": "Only add the Connection if it's not already in the variable"
                        },
                        "Compose_Beyond_API_Position": {
                          "runAfter": {
                            "If_Connection_not_already_in_list": [
                              "Succeeded"
                            ]
                          },
                          "metadata": {
                            "operationMetadataId": "7b18139c-bd74-4b23-a6a6-d111a326619b"
                          },
                          "type": "Compose",
                          "inputs": "@add(18, indexOf(variables('varConnectionStr'), '\"},\"api\"'))",
                          "description": "Position of api string and add 18 to take beyond the name"
                        }
                      },
                      "runAfter": {},
                      "expression": "@not(contains(variables('varConnectionStr'), 'connectionReferenceLogicalName'))",
                      "limit": {
                        "count": 60,
                        "timeout": "PT1H"
                      },
                      "metadata": {
                        "operationMetadataId": "3be0e158-0ff1-4e03-9b0e-18ce2c028218"
                      },
                      "type": "Until"
                    }
                  },
                  "runAfter": {
                    "Set_Connections_This_Flow_Null": [
                      "Succeeded"
                    ]
                  },
                  "expression": {
                    "contains": [
                      "@variables('varConnectionStr')",
                      "connectionReferenceLogicalName"
                    ]
                  },
                  "metadata": {
                    "operationMetadataId": "9849b8f6-6fa5-47b1-9f87-828d3a1e274f"
                  },
                  "type": "If",
                  "description": "If doesn't contain logical name, there isn't a connection used"
                },
                "Parse_JSON_Trigger_Contents": {
                  "runAfter": {
                    "Compose_Trigger_After_First": [
                      "Succeeded"
                    ]
                  },
                  "metadata": {
                    "operationMetadataId": "a41b19b4-311f-409d-a71d-a45cc427a98a"
                  },
                  "type": "ParseJson",
                  "inputs": {
                    "content": "@outputs('Compose_Trigger_After_First')",
                    "schema": {
                      "type": "object",
                      "properties": {
                        "metadata": {
                          "type": "object",
                          "properties": {
                            "operationMetadataId": {
                              "type": "string"
                            }
                          }
                        },
                        "type": {
                          "type": "string"
                        },
                        "kind": {
                          "type": "string"
                        }
                      }
                    }
                  },
                  "description": "Parse the rest of the trigger contents into a JSON object so can use element in the following steps"
                },
                "Condition": {
                  "actions": {
                    "Append_no_description_warning_to_vMarkdwonStr_": {
                      "runAfter": {},
                      "metadata": {
                        "operationMetadataId": "ff6c1f46-eab6-4725-9c24-075995e10df7"
                      },
                      "type": "AppendToStringVariable",
                      "inputs": {
                        "name": "vMarkdownStr",
                        "value": "_No Description_\n\n---\n\n"
                      }
                    }
                  },
                  "runAfter": {
                    "Switch_Trigger_Type": [
                      "Succeeded"
                    ]
                  },
                  "else": {
                    "actions": {
                      "Append_description_to_vMarkdwonStr": {
                        "runAfter": {},
                        "metadata": {
                          "operationMetadataId": "2308be7a-f58e-48f8-9bf6-7b4f17c9f00c"
                        },
                        "type": "AppendToStringVariable",
                        "inputs": {
                          "name": "vMarkdownStr",
                          "value": "@{items('Apply_to_each_Flow')?['description']}\n\n---\n\n"
                        }
                      }
                    }
                  },
                  "expression": {
                    "equals": [
                      "@items('Apply_to_each_Flow')?['description']",
                      "@null"
                    ]
                  },
                  "metadata": {
                    "operationMetadataId": "e1fcc75a-49c5-4ead-98aa-8b2dd718ec0c"
                  },
                  "type": "If"
                }
              },
              "runAfter": {},
              "metadata": {
                "operationMetadataId": "473b02d8-1504-4ce9-b0a5-ee78a5a191c7"
              },
              "type": "Scope"
            }
          },
          "runAfter": {
            "List_Flows": [
              "Succeeded"
            ]
          },
          "metadata": {
            "operationMetadataId": "c746f6da-2146-48b0-aba8-751cea43744b"
          },
          "type": "Foreach"
        },
        "Initialize_variable_Markdown": {
          "runAfter": {},
          "metadata": {
            "operationMetadataId": "6fc82626-6fb0-4138-b524-bc770c572d7c"
          },
          "type": "InitializeVariable",
          "inputs": {
            "variables": [
              {
                "name": "vMarkdownStr",
                "type": "string",
                "value": "[[_TOC_]]\n\nRun on @{formatDateTime(utcNow(),'d MMM yyyy hh:mm')}\n\n#Flows\n\n"
              }
            ]
          },
          "description": "The Markdown string that can be saved to an Azure Wiki"
        },
        "Compose_Markdown_Result": {
          "runAfter": {
            "Append_Connections_to_Markdown": [
              "Succeeded"
            ]
          },
          "metadata": {
            "operationMetadataId": "3ca7277f-d2dc-45b5-905d-c5b474092dbd"
          },
          "type": "Compose",
          "inputs": "@variables('vMarkdownStr')",
          "description": "Get the final version of Markdown for when run manually"
        },
        "Initialize_variable_Connections": {
          "runAfter": {
            "Initialize_variable_Markdown": [
              "Succeeded"
            ]
          },
          "metadata": {
            "operationMetadataId": "ad853c10-0920-41cc-9dd6-57954e8813ed"
          },
          "type": "InitializeVariable",
          "inputs": {
            "variables": [
              {
                "name": "varConnectionsMarkdown",
                "type": "array"
              }
            ]
          },
          "description": "Array for Connections - converted to Markdown in the last steps"
        },
        "Compose_Sort_and_Filter_Connection": {
          "runAfter": {
            "Apply_to_each_Flow": [
              "Succeeded"
            ]
          },
          "metadata": {
            "operationMetadataId": "7f9fbec8-2e57-4ad5-b951-b65fdb0b1237"
          },
          "type": "Compose",
          "inputs": "@sort(union(variables('varConnectionsMarkdown'),variables('varConnectionsMarkdown')))"
        },
        "Initialize_variable_Connections_This_Flow": {
          "runAfter": {
            "Initialize_variable_Connections": [
              "Succeeded"
            ]
          },
          "metadata": {
            "operationMetadataId": "ad853c10-0920-41cc-9dd6-57954e8813ed"
          },
          "type": "InitializeVariable",
          "inputs": {
            "variables": [
              {
                "name": "varConnectionsThisFlow",
                "type": "array"
              }
            ]
          }
        },
        "Initialize_variable_Connection_String": {
          "runAfter": {
            "Initialize_variable_Connections_This_Flow": [
              "Succeeded"
            ]
          },
          "metadata": {
            "operationMetadataId": "1f4762d9-3ad1-4903-b415-b969b4c858c9"
          },
          "type": "InitializeVariable",
          "inputs": {
            "variables": [
              {
                "name": "varConnectionStr",
                "type": "string"
              }
            ]
          }
        },
        "Append_Connections_to_Markdown": {
          "runAfter": {
            "Compose_Sort_and_Filter_Connection": [
              "Succeeded"
            ]
          },
          "metadata": {
            "operationMetadataId": "36decd2c-a53a-469a-bdf0-c158085addc4"
          },
          "type": "AppendToStringVariable",
          "inputs": {
            "name": "vMarkdownStr",
            "value": "##Connections Used\n\n@{join(outputs('Compose_Sort_and_Filter_Connection'),decodeUriComponent('%0A'))}\n@{if(contains(join(outputs('Compose_Sort_and_Filter_Connection'),decodeUriComponent('%0A')),'_sharedcommondataservice_'),'**Warning: Connections include Dataverse (legacy)**','')}"
          }
        }
      },
      "outputs": {}
    },
    "templateName": ""
  },
  "schemaVersion": "1.0.0.0"
}